course,program
CEIS,BACHELOR OF SCIENCE IN INFORMATION TECHNOLOGY MOBILE AND WEB APPLICATIONS
CEIS,BACHELOR OF SCIENCE IN INFORMATION TECHNOLOGY MULTIMEDIA ARTS AND ANIMATION
CEIS,BACHELOR OF SCIENCE IN INFORMATION TECHNOLOGY SOFTWARE ENGINEERING
CEIS,"BACHELOR OF SCIENCE IN INFORMATION TECHNOLOGY WITH SPECIALIZATION IN MOBILE, WEB, & SOFTWARE DEVELOPMENT"
CAHS,BACHELOR OF SCIENCE IN PHARMACY
CAHS,BACHELOR OF SCIENCE IN RADIOLOGIC TECHNOLOGY
CAHS,BACHELOR OF SCIENCE IN RESPIRATORY THERAPY
CMT,BACHELOR OF SCIENCE IN MEDICAL TECHNOLOGY
CMT,MASTER OF SCIENCE IN MEDICAL TECHNOLOGY
SLCN,BACHELOR OF SCIENCE IN NURSING
SLCN,DOCTOR IN NURSING MANAGEMENT
SLCN,MASTER OF ARTS IN NURSING
SLCN,MASTER OF ARTS IN NURSING MAJOR IN NURSING ADMINISTRATION
CHTM,BACHELOR OF SCIENCE IN HOSPITALITY AND MANAGEMENT
CHTM,BACHELOR OF SCIENCE IN HOSPITALITY MANAGEMENT
CHTM,BACHELOR OF SCIENCE IN TOURISM MANAGEMENT
CHTM,BACHELOR OF SCIENCE IN HOTEL AND RESTAURANT MANAGEMENT
CHTM,MASTER IN HOSPITAL MANAGEMENT
THS,GRADE 11 ABM
THS,GRADE 11 HUMSS
THS,GRADE 11 STEM
THS,GRADE 12 ABM
THS,GRADE 12 HUMSS
THS,GRADE 12 STEM
THS,GRADE 7
CBMA,(AREM) BACHELOR OF SCIENCE IN BUSINESS ADMINISTRATION - REAL ESTATE MANAGEMENT
CBMA,BACHELOR OF ARTS IN BUSINESS ADMINISTRATION (BAPA)
CBMA,BACHELOR OF SCIENCE IN BUSINESS ADMINISTRATION
CBMA,BACHELOR OF SCIENCE IN BUSINESS ADMINISTRATION (FIN. MGMT.)
CBMA,BACHELOR OF SCIENCE IN BUSINESS ADMINISTRATION (FINANCE)
CBMA,BACHELOR OF SCIENCE IN BUSINESS ADMINISTRATION (HRDM)
CBMA,BACHELOR OF SCIENCE IN BUSINESS ADMINISTRATION (MGMT.)
CBMA,BACHELOR OF SCIENCE IN BUSINESS ADMINISTRATION (MKTG. MGMT)
CBMA,MASTER IN BUSINESS ADMINISTRATION
CBMA,MASTER IN MANAGEMENT
CBMA,DOCTOR OF PUBLIC ADMINISTRATION
CBMA,BACHELOR OF SCIENCE IN ACCOUNTANCY
CBMA,MASTER IN PUBLIC ADMINISTRATION
CASE,BACHELOR OF ARTS IN BROADCASTING
CASE,BACHELOR OF ARTS IN COMMUNICATION
CASE,BACHELOR OF SPECIAL NEEDS EDUCATION WITH SPECIALIZATION IN EARLY CHILDHOOD EDUCATION
CASE,BACHELOR OF EARLY CHILDHOOD EDUCATION
CASE,BACHELOR OF SCIENCE IN BIOLOGY
CASE,BACHELOR OF SCIENCE IN PSYCHOLOGY
CASE,BACHELOR OF SECONDARY EDUCATION - ENGLISH
CASE,BACHELOR OF SPECIAL NEEDS EDUCATION WITH SPECIALIZATION IN EARLY CHILDHOOD EDUCATION
CASE,BACHELOR OF THEOLOGY
CASE,DOCTOR OF EDUCATION
CASE,Cell and Molecular Biology with Diagnostics Supplemental
CASE,DOCTOR OF EDUCATION MAJOR IN EDUCATIONAL MANAGEMENT
CASE,MASTER OF ARTS IN EDUCATION
CASE,Master of Arts in Education major in Educational Management
CASE,TEACHER CERTIFICATE PROGRAM
